,title,urlToImage
0,NASA’s Perseverance Rover helps scientists discover sound travels slower on Mars - Engadget,https://s.yimg.com/os/creatr-uploaded-images/2021-04/4e5ca6d0-a9e2-11eb-b93f-80576ad16d54
1,Another Milestone! Webb Space Telescope Completes First Multi-Instrument Alignment - SciTechDaily,https://scitechdaily.com/images/NASAs-Webb-Space-Telescope.gif
2,"April's sky brings dance of 4 morning planets: See Jupiter, Venus, Mars and Saturn. - Space.com",https://cdn.mos.cms.futurecdn.net/XAV8fqiHhN3LZwMAxukUDm-1200-80.jpg
3,Watch Rocket Lab launch 2 BlackSky satellites online today - Space.com,https://cdn.mos.cms.futurecdn.net/unGbr4nDUUuiXz2M6gzmZT-1200-80.jpg
4,NASA satellite spots helicopter flying on Mars' surface - TweakTown,https://static.tweaktown.com/news/8/5/85393_01_spacecraft-spots-nasas-mars-helicopter-all-the-way-from-orbit_full.jpg
5,Dress rehearsal: NASA moon rocket's last test before launch - KSL.com,https://img.ksl.com/slc/2870/287085/28708517.jpg?filter=kslv2/responsive_story_lg
6,SpaceX launches fourth dedicated rideshare mission - SpaceNews,https://spacenews.com/wp-content/uploads/2022/04/f9-transporter4.jpg
7,New algorithm could be quantum leap in search for gravitational waves - Phys.org,https://scx2.b-cdn.net/gfx/news/hires/2019/11-quantumcompu.jpg
8,The Goldilocks zone: Definition and characteristics - Livescience.com,https://cdn.mos.cms.futurecdn.net/QvsJvXS6tfkTXjPiwdfeiA-1200-80.jpg
9,New simulation shows what the universe looked like billions of years ago - New York Post ,https://nypost.com/wp-content/uploads/sites/2/2022/04/cosmic-expansion.jpg?quality=75&strip=all&w=1024
10,"The President's Budget and the State of NASA on This Week @NASA – April 1, 2022 - NASA",https://i.ytimg.com/vi/sTHzcLrHkBU/hqdefault.jpg
11,'Potentially hazardous' Apollo-class asteroid sails harmlessly past Earth - Livescience.com,https://cdn.mos.cms.futurecdn.net/gTXdLAyjyieQAWPgxjZ5h3-1200-80.jpg
12,Axiom's 1st private astronaut crew is ready to fly to space - Space.com,https://cdn.mos.cms.futurecdn.net/QFqCuunSJStkchzmkuASdE-1200-80.jpg
13,A Stupid Amount of Feasting Black Holes Was Detected in This Cosmic Spiderweb - ScienceAlert,https://www.sciencealert.com/images/2022-04/processed/spider-web-black-holes_1024.jpg
14,Scientists have sequenced the full human genome for the first time - TechSpot,https://static.techspot.com/images2/news/bigimage/2022/04/2022-04-01-image-22.jpg
15,NASA Astronaut to Discuss American Space Record in News Conference - NASA,http://www.nasa.gov/sites/default/files/thumbnails/image/iss065e335291_0.jpg
16,NASA downgrades a large asteroid's risk of impact in 2880 - Space.com,https://cdn.mos.cms.futurecdn.net/y4ecrmJNwEbpwENMGFPpz7-1200-80.jpeg
17,"Name of James Webb Space Telescope not yet a closed case, NASA officials say - Space.com",https://cdn.mos.cms.futurecdn.net/jPJDziqDUPMpGLpQTDrjQL-1200-80.png
18,"Lyrid Meteor Shower, full Pink Moon: What to expect in April, when to see shooting stars - AL.com",https://www.al.com/resizer/wFxfVcqq11nPPea4YiPNgNm5eTk=/1280x0/smart/cloudfront-us-east-1.images.arcpublishing.com/advancelocal/AEIP7GL2BJHL3HRGA2IW26JEGA.jpg
19,"Ultra-fast electron rain is pouring out of Earth's magnetosphere, and scientists think they know why - Livescience.com",https://cdn.mos.cms.futurecdn.net/i37FraaHQTpde35DNHLFUk-1200-80.jpeg
